rank,Name,RA_deg,Dec_deg,GLON_deg,GLAT_deg,dist_pc,dist_mod_mag,N_stars,r50_pc,r50_deg,area_sqdeg,logAge_yr,AV_mag,pmRA_masyr,pmDec_masyr,parallax_mas
1,HSC_381,271.385757,17.770899,44.159678,17.92,311.1,7.4643,288,16.698,3.07251,29.6577,7.487,0.211,-1.0359,-8.11,3.1609
2,HSC_1314,74.421885,35.931116,168.498313,-4.335,336.0,7.6316,116,17.636,3.00471,28.3632,8.07,1.178,3.3964,-10.6409,2.8555
3,HSC_2986,285.31711,-36.883402,359.953885,-17.71,145.9,5.82,222,7.616,2.98837,28.0556,6.853,0.168,2.2086,-27.5565,6.6938
4,Platais_8,136.894836,-59.308819,277.651362,-7.924,131.9,5.6016,225,6.848,2.97154,27.7404,7.494,0.178,-16.2379,13.7426,7.4267
5,Theia_229,90.252555,-27.850414,233.732397,-22.63,298.7,7.376,185,15.057,2.88606,26.1673,8.116,0.056,-6.2622,-0.2976,3.1775
6,OCSN_92,231.555157,-36.062061,334.842842,17.04,135.8,5.6644,103,6.804,2.86818,25.8442,6.966,0.262,-20.4981,-24.5759,7.2456
7,Theia_807,87.068144,-18.714051,223.377483,-22.07,324.4,7.5552,104,14.7,2.59472,21.1511,8.047,0.091,-7.1693,1.2821,3.017
8,HSC_2636,204.888686,-44.482232,311.903979,17.55,131.1,5.5877,284,5.89,2.57283,20.7956,6.993,0.303,-25.9719,-19.4116,7.472
9,HSC_633,307.375362,42.393644,80.682937,1.988,451.7,8.2741,156,20.101,2.54817,20.3988,7.759,0.089,3.3861,-0.1945,2.1586
10,HSC_1553,93.012745,13.981877,196.019592,-2.15,217.8,6.6905,330,9.561,2.51327,19.844,7.585,0.045,5.6298,-16.33,4.6205
11,Mamajek_4,276.370976,-50.637344,344.094821,-16.78,428.7,8.1608,655,18.672,2.49392,19.5396,8.494,0.198,3.6594,-21.6695,2.2188
12,HSC_1058,22.926173,43.725791,130.588539,-18.55,486.2,8.4339,144,21.17,2.49335,19.5307,8.069,0.125,4.4935,-4.924,1.9522
13,Melotte_111,186.017199,26.422675,217.970165,83.85,87.4,4.7077,271,3.739,2.44935,18.8473,8.816,0.071,-12.1546,-8.8553,11.7093
14,HSC_1030,25.589061,64.613463,128.35699,2.279,719.4,9.2848,163,30.121,2.39754,18.0585,8.187,1.554,2.2276,-5.5679,1.3037
15,COIN-Gaia_13,83.391593,41.827987,167.760313,4.765,484.8,8.4279,572,20.291,2.39655,18.0436,8.217,0.227,-3.9501,-1.5878,1.948
16,OCSN_10,276.089386,15.689698,44.110442,12.96,357.7,7.7676,121,14.662,2.34714,17.3072,7.737,0.379,-1.5856,-7.2913,2.6929
17,CWNU_1044,129.930407,-51.859045,269.345003,-6.228,359.0,7.7753,377,14.552,2.32149,16.931,7.535,0.149,-11.6403,9.7614,2.7062
18,Delta_Cephei_Cluster,336.423863,57.15725,104.141492,-0.2991,243.0,6.9283,164,9.798,2.30862,16.7438,7.828,0.072,16.5064,4.6672,4.1135
19,HSC_2442,165.238974,-70.579779,293.935839,-9.663,280.3,7.238,118,11.249,2.29831,16.5946,7.417,0.381,-21.8387,-1.3577,3.5198
20,HSC_1743,106.265037,-7.858291,221.473219,-0.5714,712.6,9.2643,193,28.583,2.29686,16.5737,8.112,0.175,-3.2738,2.3727,1.33
21,Mamajek_2,264.359954,-8.015697,17.039041,12.48,207.1,6.5813,226,8.268,2.28573,16.4134,7.994,0.746,-10.0689,-19.4998,4.8789
22,CWNU_1142,75.526546,2.836667,197.007225,-22.68,285.5,7.2778,111,11.338,2.27453,16.2529,7.923,0.107,-0.2416,-5.6573,3.4452
23,Theia_714,21.847166,56.128049,127.958249,-6.392,568.8,8.7748,108,22.359,2.25115,15.9206,8.002,0.319,4.2691,-3.7917,1.6811
24,Theia_282,92.711208,11.975088,197.641572,-3.37,775.1,9.4467,233,30.281,2.2373,15.7252,7.955,0.304,-1.7904,-1.8489,1.2405
25,Theia_232,16.861294,50.35142,125.545555,-12.44,317.1,7.5062,152,12.137,2.1918,15.0921,7.649,0.189,15.3553,-7.1077,3.0665
26,Theia_247,300.273519,10.214125,50.21195,-10.44,442.4,8.229,190,16.627,2.15239,14.5543,7.928,0.182,-1.5318,-11.941,2.1448
27,Alessi_145,120.953587,3.985088,217.719827,17.9,608.2,8.9202,143,22.017,2.0733,13.5044,8.225,0.078,-7.6642,-1.2262,1.5597
28,Theia_1203,281.015103,-57.177993,338.56223,-21.57,389.8,7.9544,136,13.909,2.04337,13.1173,8.445,0.19,5.6398,-24.9045,2.443
29,CWNU_2136,80.396373,23.944955,181.290371,-7.222,1272.4,10.5232,120,44.402,1.99853,12.5479,8.52,1.415,0.7318,-5.5668,0.7355
30,HSC_2865,266.361715,-44.045989,347.006304,-7.779,663.9,9.1104,141,23.097,1.99261,12.4737,8.171,0.22,-2.0039,-4.1071,1.3927
31,CWNU_1032,300.919434,31.84783,69.068081,0.3573,360.3,7.7831,231,12.487,1.98512,12.3801,7.966,0.109,3.7529,-1.2331,2.6656
32,NGC_2202,94.206605,5.984516,203.631493,-4.912,798.3,9.5108,101,27.305,1.959,12.0564,8.06,0.256,-0.9092,-3.7781,1.1622
33,UPK_545,130.974572,-58.784318,275.281669,-9.939,328.7,7.5843,597,11.162,1.94458,11.8796,8.007,0.086,-8.4174,2.5306,2.9532
34,CWNU_1024,104.285512,-27.391791,238.23008,-10.96,394.4,7.9797,336,13.336,1.93655,11.7817,7.511,0.173,-5.5454,6.0176,2.4955
35,Theia_713,7.540837,68.411784,120.968003,5.621,452.9,8.2798,117,15.249,1.92866,11.6858,8.515,0.885,-6.1182,-4.741,2.1119
36,HSC_895,353.161651,56.674281,112.226161,-4.551,656.9,9.0875,110,21.967,1.91525,11.5239,8.23,0.819,5.2932,-1.3103,1.4667
37,Theia_1918,129.195028,-48.117167,266.058447,-4.353,400.9,8.0152,169,13.358,1.90842,11.4419,7.382,0.227,-10.6356,1.9998,2.4402
38,Theia_792,99.018404,19.613478,193.719748,5.561,214.8,6.6601,119,7.123,1.89922,11.3319,8.291,0.078,3.0526,-11.1745,4.7369
39,Theia_401,347.80923,47.7812,106.035922,-11.78,648.6,9.0599,194,21.188,1.87105,10.9982,8.193,0.3,-0.781,-3.5213,1.4729
40,Alessi_84,110.510066,55.384482,161.823346,26.27,201.6,6.5221,128,6.572,1.86742,10.9555,8.068,0.067,-3.1196,-31.4468,5.0374
41,CWNU_1007,79.207768,18.477745,185.260376,-11.19,350.4,7.7227,105,11.337,1.85315,10.7888,7.286,0.583,-0.2674,-5.6411,2.7736
42,HSC_1666,104.751929,3.31728,210.838842,3.195,599.6,8.8893,110,19.059,1.82059,10.4129,8.396,0.087,-1.6682,-1.1442,1.6042
43,HSC_2215,141.918052,-49.82982,272.870049,0.7629,510.3,8.539,148,16.026,1.79889,10.1662,7.76,0.101,-11.7694,4.3428,1.9088
44,HSC_2408,169.508208,-59.085805,291.177441,1.638,259.6,7.0719,115,7.882,1.73876,9.4979,8.106,0.139,-22.5208,6.732,3.6459
45,Platais_9,138.320686,-43.55757,266.680908,3.438,187.9,6.3695,251,5.66,1.72534,9.3519,7.566,0.093,-24.5592,13.3009,5.4479
46,UPK_612,255.098534,-68.523562,322.609454,-15.82,226.8,6.7784,228,6.781,1.71246,9.2127,8.078,0.101,-13.327,-12.2082,4.3789
47,UPK_230,354.485551,71.896282,117.226527,9.843,523.5,8.5948,197,15.349,1.67926,8.8591,8.089,0.934,4.7676,-1.0521,1.8349
48,HSC_2733,228.064671,-44.529138,327.725179,11.46,141.8,5.7578,165,4.145,1.67483,8.8123,6.978,0.137,-20.6666,-21.8923,6.8489
49,OCSN_96,240.429655,-22.709214,350.273818,22.2,136.7,5.679,223,3.986,1.67001,8.7617,6.671,0.396,-11.5407,-23.8876,7.0649
50,Theia_953,139.660336,-58.604985,278.113636,-6.402,542.7,8.6728,147,15.5,1.63596,8.4081,7.551,0.531,-5.6921,3.1321,1.7935
51,UPK_526,115.946397,-52.835537,265.603417,-13.98,543.2,8.6747,173,15.415,1.62559,8.3018,7.466,0.457,-7.7743,7.8039,1.7499
52,CWNU_519,313.931751,56.754539,94.666606,7.442,319.4,7.5216,287,9.056,1.62402,8.2858,7.354,0.132,5.0119,3.4896,3.072
53,Theia_139,82.510358,-2.110382,205.291919,-19.03,316.7,7.5034,105,8.969,1.62211,8.2662,7.978,0.176,-2.9015,-4.2705,3.0539
54,Theia_1966,248.327253,-52.63956,332.978411,-3.226,1136.4,10.2777,199,32.1,1.61796,8.224,7.974,0.926,-0.5208,-0.8254,0.8308
55,Turner_5,143.138632,-36.429244,264.214214,11.08,399.8,8.0094,116,11.29,1.61737,8.218,8.214,0.171,0.067,-3.0194,2.4023
56,OCSN_82,108.531357,-35.060592,246.870118,-10.95,405.7,8.0412,157,11.407,1.61037,8.1471,7.372,0.16,-5.4402,6.4569,2.4216
57,UBC_11,246.732465,-59.704536,327.19279,-7.413,434.2,8.1883,155,12.146,1.60247,8.0674,8.106,0.211,-0.4763,-6.7866,2.1616
58,Theia_862,37.400472,56.745563,136.123361,-3.591,679.7,9.1616,175,18.918,1.59427,7.9849,8.412,1.079,0.2275,-3.7082,1.3946
59,CWNU_522,75.678003,8.081014,192.315215,-19.78,372.9,7.858,173,10.343,1.58871,7.9294,7.554,0.175,0.8832,-4.4839,2.5748
60,Theia_446,18.552391,62.756527,125.534594,-9e-05,371.2,7.848,135,10.249,1.58164,7.859,7.905,0.549,7.7313,-3.6979,2.6004
61,Theia_711,282.09396,-7.743776,25.686943,-2.846,410.2,8.0648,105,11.253,1.57161,7.7596,7.792,0.855,1.0652,-11.3825,2.3055
62,LISC-III_3668,120.111868,-44.189204,259.261329,-7.387,564.7,8.7589,356,15.395,1.56171,7.6622,7.458,0.165,-6.2509,7.3345,1.7024
63,Theia_248,324.695766,53.668939,96.734781,0.8967,459.3,8.3104,153,12.496,1.55845,7.6302,8.048,0.612,8.8365,6.2902,2.0768
64,Platais_10,205.278957,-59.15646,309.271793,3.102,239.4,6.8957,197,6.456,1.54481,7.4972,8.095,0.28,-29.3119,-10.7877,4.1339
65,Theia_323,194.202847,-55.76297,303.693523,7.101,469.3,8.3574,105,12.561,1.533,7.383,8.107,0.218,-13.9052,-3.07,2.011
66,Theia_72,101.702357,-9.785555,221.144025,-5.463,281.4,7.2464,140,7.378,1.50211,7.0885,7.436,0.162,-0.9888,-4.2969,3.4549
67,Theia_643,255.562476,-48.923916,338.774843,-4.333,545.2,8.6826,136,14.258,1.49818,7.0514,8.201,0.841,1.1816,-5.0299,1.7092
68,CWNU_1173,179.921845,-70.286088,298.559517,-7.855,424.7,8.1404,165,10.676,1.44004,6.5148,8.001,0.503,-13.0314,-0.6217,2.2436
69,Theia_5,315.432053,68.152598,104.059941,14.18,329.4,7.5889,155,8.28,1.43969,6.5116,6.936,0.807,7.9063,-1.1315,2.912
70,UPK_569,170.379961,-72.113961,296.073831,-10.45,246.6,6.9603,145,6.183,1.43596,6.4779,7.434,0.619,-25.4242,-1.0492,4.0269
71,HSC_1403,75.693166,24.300515,178.494,-10.53,464.6,8.3356,105,11.588,1.42868,6.4124,7.466,1.491,1.2313,-5.204,2.022
72,OCSN_76,99.638088,-16.764762,226.582834,-10.34,447.4,8.2533,119,11.084,1.41924,6.328,7.568,0.18,-4.2953,5.0166,2.1618
73,CWNU_1069,119.314645,-43.510747,258.376717,-7.533,393.5,7.975,140,9.701,1.41202,6.2637,7.213,0.138,-9.303,8.9468,2.4793
74,UPK_72,284.98783,27.292717,58.408649,10.35,438.3,8.2091,176,10.795,1.41074,6.2524,7.873,0.377,-0.4614,-4.5544,2.2086
75,CWNU_77,45.330868,71.078425,133.141632,10.83,805.2,9.5296,108,19.707,1.40195,6.1747,7.851,0.885,-1.1991,-0.0045,1.1742
76,Theia_625,289.447065,-13.774997,23.452058,-11.99,496.0,8.4776,104,12.139,1.40189,6.1742,8.22,0.316,5.84,0.2812,1.9002
77,Melotte_20,51.331938,49.118659,147.119876,-6.389,172.6,6.1849,938,4.211,1.39786,6.1387,7.745,0.242,22.9182,-25.4626,5.7409
78,UBC_32,279.321757,-14.003027,18.865318,-3.271,275.2,7.1985,393,6.538,1.36085,5.8179,7.886,1.026,-1.8081,-9.2289,3.4984
79,Theia_391,356.219398,55.169532,113.457742,-6.473,430.5,8.1697,112,10.088,1.34246,5.6618,8.165,0.411,5.1976,-4.4563,2.2064
80,CWNU_232,92.346339,-2.994191,210.797319,-10.72,472.2,8.3704,138,11.056,1.34134,5.6523,8.113,0.225,0.1082,-2.9958,2.0294
81,HSC_2505,185.021,-64.096672,299.515233,-1.433,104.6,5.0973,119,2.432,1.33219,5.5755,6.844,0.213,-37.7886,-10.811,9.3523
82,Theia_35,107.597315,-19.414267,232.351044,-4.717,397.7,7.9978,156,9.244,1.33146,5.5694,7.478,0.14,-8.0616,3.7016,2.377
83,CWNU_1074,295.903272,6.412617,44.699218,-8.551,708.2,9.2508,217,16.337,1.32146,5.486,7.561,0.635,0.355,-2.0365,1.3384
84,Theia_38,291.745192,21.116555,55.674245,2.065,486.8,8.4367,1108,11.199,1.31792,5.4567,6.762,0.772,1.1809,-6.1011,1.9807
85,Aveni-Hunter_1,354.262581,48.490096,110.425797,-12.57,411.8,8.0733,197,9.465,1.31682,5.4475,7.056,0.467,0.038,-2.7408,2.3612
86,HSC_2280,148.779758,-56.261361,280.195983,-1.381,538.7,8.6568,113,12.237,1.30125,5.3195,8.144,0.256,-18.5908,11.2288,1.764
87,HSC_2907,244.77266,-24.450059,351.860078,18.12,151.7,5.9047,349,3.402,1.28487,5.1864,6.99,0.551,-10.6786,-21.702,6.3614
88,UPK_214,357.175511,53.511289,113.584296,-8.218,776.7,9.4513,184,17.271,1.27381,5.0975,8.003,0.546,0.8285,-0.8227,1.2079
89,OC_0185,332.741358,63.395938,106.067865,5.907,901.5,9.7748,356,19.857,1.26182,5.002,6.809,1.119,-1.301,-2.4861,1.0768
90,HSC_601,305.074306,38.460707,76.458143,1.153,582.3,8.8258,120,12.641,1.24353,4.8581,7.887,0.22,2.0949,-1.5598,1.6589
91,Theia_817,274.950451,24.606258,52.127692,17.53,350.4,7.7228,120,7.587,1.24032,4.833,8.291,0.252,-2.0179,1.299,2.7574
92,CWNU_1020,135.00604,-54.509951,273.337788,-5.529,432.2,8.1785,171,9.337,1.23754,4.8114,7.534,0.158,-10.5877,7.6075,2.2443
93,Theia_58,120.216335,-30.749836,247.818587,-0.2845,480.1,8.4067,288,10.357,1.23573,4.7973,7.373,0.151,-8.8162,5.5197,2.0381
94,Platais_3,68.405613,71.489361,138.720539,15.82,177.0,6.2403,204,3.781,1.22338,4.7019,8.243,0.101,3.7671,-20.6812,5.6224
95,HSC_1284,72.943042,40.854682,163.931066,-2.146,1072.5,10.152,105,22.661,1.2104,4.6027,8.68,0.806,1.6353,-5.7705,0.87
96,UBC_4,60.658199,35.561155,161.096983,-12.78,569.8,8.7786,117,12.029,1.20939,4.595,8.315,0.741,-0.7169,-5.7278,1.669
97,NGC_6882,302.897211,26.750744,65.705974,-3.845,460.3,8.3153,114,9.635,1.19908,4.5169,7.918,0.31,1.7191,-9.2149,2.0891
98,UPK_560,158.35991,-44.503258,278.563936,11.74,577.0,8.8059,162,11.925,1.18394,4.4036,8.431,0.111,-12.4088,4.031,1.6707
99,UPK_627,245.369919,-53.132734,331.384249,-2.282,500.6,8.4975,106,10.343,1.18358,4.401,8.177,0.299,-2.4896,-10.1671,1.8845
100,Melotte_22,56.679783,24.108454,166.524955,-23.57,131.2,5.5903,1721,2.696,1.17701,4.3522,8.085,0.102,19.9552,-45.4567,7.3783
101,OC_0279,58.547047,31.923037,162.271092,-16.65,277.5,7.2162,146,5.684,1.17343,4.3258,7.23,0.664,6.3001,-9.7973,3.527
102,OCSN_40,358.857837,56.484493,115.218179,-5.546,398.0,7.9993,169,8.122,1.16908,4.2938,6.971,0.271,7.9219,-3.1256,2.4635
103,BH_23,123.447754,-36.356223,253.990677,-1.047,422.3,8.1281,300,8.517,1.15541,4.194,6.974,0.112,-7.183,7.3168,2.2956
104,Theia_3397,113.940262,-25.526587,240.513823,-2.415,1049.5,10.1048,207,21.152,1.15468,4.1886,7.781,0.089,-4.8873,4.0113,0.9295
105,Alessi_3,109.186703,-46.680282,257.935532,-15.33,268.2,7.1419,186,5.379,1.14918,4.1488,8.796,0.108,-9.7933,11.9159,3.5748
106,ZHBJZ_1,103.946607,-5.791223,218.581987,-1.674,285.5,7.2781,490,5.676,1.13887,4.0747,7.13,0.18,-7.318,-2.4448,3.4908
107,IC_2602,160.973083,-64.393236,289.686591,-4.853,148.4,5.857,638,2.948,1.1383,4.0706,7.415,0.114,-17.775,10.6692,6.6003
108,Theia_172,110.276901,4.081529,212.6638,8.457,450.9,8.2706,322,8.822,1.12075,3.9461,8.085,0.091,-6.4593,-5.0357,2.1126
109,Theia_181,234.545862,-64.856952,319.490803,-7.492,528.1,8.6134,190,10.225,1.10928,3.8658,8.051,0.23,-4.0072,-5.276,1.7892
110,Alessi-Teutsch_9,51.862769,34.886477,155.776909,-17.85,629.7,8.9957,200,12.193,1.10923,3.8654,7.891,0.702,-1.853,-1.3587,1.5073
111,Theia_6999,89.656672,20.20594,189.01831,-1.906,1736.9,11.1988,107,32.832,1.08293,3.6843,7.438,1.433,0.95,-2.5422,0.5301
112,UPK_540,115.516421,-58.66152,270.932378,-16.74,363.3,7.8015,124,6.821,1.07549,3.6338,7.302,0.249,-4.8409,7.6892,2.7178
113,UBC_26,285.426348,22.113399,53.860492,7.743,576.6,8.8045,479,10.719,1.06495,3.5629,7.401,0.871,1.968,-5.2638,1.6701
114,UPK_422,87.963841,-7.390082,212.826261,-16.59,290.8,7.3176,240,5.4,1.06404,3.5568,7.172,0.276,0.1711,-0.6089,3.3668
115,Platais_12,207.91946,-63.453825,309.602228,-1.365,428.4,8.1593,290,7.912,1.05802,3.5167,8.168,0.233,-8.3096,-5.4091,2.219
116,OCSN_89,186.450119,-65.883465,300.313713,-3.142,398.6,8.0027,161,7.241,1.0407,3.4025,7.572,0.727,-13.751,-2.6849,2.4097
117,Alessi_34,120.062337,-50.655175,264.881789,-10.71,471.8,8.3686,857,8.546,1.03779,3.3835,7.315,0.555,-5.0097,5.7432,2.0451
118,UPK_442,97.852235,-12.557329,221.969013,-10.08,613.2,8.9378,121,11.103,1.0374,3.381,7.833,0.221,-2.551,-1.3398,1.5386
119,Theia_100,346.887604,46.067943,104.754384,-13.1,463.0,8.3277,125,8.261,1.02227,3.2831,7.194,0.332,-0.8257,-3.1428,2.0655
120,LISC_3534,12.087711,49.905611,122.421879,-12.96,439.0,8.2121,430,7.793,1.01712,3.2501,8.172,0.145,7.3681,-3.0816,2.1887
121,ASCC_127,347.302131,65.182909,112.468264,4.409,365.7,7.8154,247,6.468,1.01333,3.2259,7.085,0.294,7.4097,-1.6454,2.6554
122,UPK_524,105.182696,-55.242457,265.408151,-20.74,523.7,8.5954,102,9.228,1.00947,3.2013,8.072,0.17,-2.7838,8.6466,1.7903
123,NGC_2632,130.088104,19.665873,205.915832,32.47,184.2,6.3263,1314,3.244,1.00909,3.1989,8.539,0.159,-35.9435,-12.903,5.4041
124,OCSN_28,324.419027,50.891094,94.762156,-1.066,429.6,8.1655,116,7.438,0.99184,3.0905,7.257,0.236,3.8807,-2.1211,2.2803
125,CWNU_45,108.099378,-27.983833,240.257118,-8.174,591.8,8.861,225,10.244,0.99164,3.0893,7.52,0.128,-3.1389,6.2754,1.6128
126,Collinder_69,83.814176,9.888055,195.107686,-11.99,383.4,7.918,1247,6.628,0.99043,3.0817,6.719,0.416,1.2149,-2.0466,2.5039
127,UPK_640,249.69239,-39.507143,343.339617,4.909,174.5,6.2091,764,3.006,0.98688,3.0597,6.983,0.244,-11.8825,-21.3905,5.706
128,ASCC_99,282.171819,-18.384065,16.165475,-7.682,291.8,7.3253,193,5.013,0.98437,3.0442,7.95,0.691,5.2475,-1.3071,3.281
129,Roslund_6,307.593307,40.355905,79.129447,0.659,338.1,7.6451,452,5.794,0.98181,3.0283,8.225,0.07,5.9498,2.1304,2.8313
130,ASCC_90,264.761967,-34.817364,354.265534,-1.913,551.1,8.7063,184,9.418,0.97903,3.0112,8.612,0.684,-1.5286,-2.6551,1.7064
131,CWNU_1053,162.41937,-56.607556,286.726628,2.384,508.0,8.5295,142,8.675,0.97827,3.0065,8.18,0.15,-17.2134,6.2187,1.8755
132,Theia_517,322.830507,48.349132,92.287138,-2.249,291.3,7.3218,511,4.919,0.96742,2.9402,8.102,0.065,-7.4004,-19.704,3.3658
133,Collinder_132,108.346159,-30.970532,243.062534,-9.305,630.8,8.9995,106,10.612,0.96376,2.918,7.142,0.123,-4.1255,3.7273,1.5251
134,UPK_579,193.30152,-50.832421,303.217391,12.04,683.2,9.1726,131,11.46,0.961,2.9013,8.226,0.144,-10.5768,-3.2994,1.3669
135,UPK_167,336.661606,49.515769,100.214246,-6.862,523.4,8.5941,198,8.765,0.9594,2.8917,8.093,0.228,1.5399,-0.1376,1.7963
136,Theia_314,314.635528,16.419438,63.513536,-18.7,352.1,7.7334,101,5.864,0.95403,2.8594,8.019,0.157,5.4654,-4.5647,2.7156
137,RSG_4,287.695654,56.522777,87.183648,19.81,317.7,7.5101,280,5.253,0.94717,2.8184,8.048,0.062,-2.4887,3.7339,3.0858
138,UPK_5,273.210189,-18.326098,12.298409,-0.1009,531.2,8.6262,156,8.693,0.93757,2.7616,7.917,0.632,0.6823,-8.4474,1.7645
139,HSC_888,349.61391,60.69589,111.794011,-0.1493,968.9,9.9314,243,15.703,0.92855,2.7087,8.295,1.312,-3.2054,-4.4218,0.977
140,NGC_2451A,115.970672,-38.240755,252.50072,-7.104,194.3,6.4426,407,3.146,0.92755,2.7029,7.416,0.044,-20.9872,15.3272,5.1957
141,Theia_189,97.786696,5.431453,205.782568,-2.016,874.9,9.7097,104,14.154,0.9269,2.6991,8.402,0.211,-1.5863,-3.4083,1.079
142,CWNU_1084,302.546793,33.489951,71.18967,0.0893,313.7,7.4828,156,5.059,0.92392,2.6817,8.024,0.091,5.0481,-0.3881,3.1039
143,Theia_470,301.878878,35.457784,72.543562,1.62,648.8,9.0607,249,10.445,0.9223,2.6723,8.255,0.315,1.0511,-1.7831,1.4668
144,UPK_537,125.64578,-51.569262,267.551338,-8.219,581.4,8.8222,125,9.351,0.92154,2.668,7.789,0.699,-6.4919,7.7164,1.6371
145,Alessi_96,75.485171,37.487544,167.795309,-2.705,315.3,7.4939,339,5.055,0.91837,2.6496,8.316,0.362,0.9712,-12.5614,3.0534
146,UPK_535,126.56812,-50.083356,266.647037,-6.898,315.0,7.4912,100,5.028,0.91463,2.6281,7.343,0.135,-13.0247,3.3454,3.1497
147,Alessi_37,341.970691,46.290171,101.713719,-11.43,693.5,9.2051,396,11.017,0.91023,2.6028,8.096,0.411,0.3348,-1.6432,1.3838
148,Alessi_9,265.642387,-46.744008,344.400106,-8.718,209.6,6.6072,310,3.26,0.89101,2.4941,8.614,0.116,9.8309,-9.1509,4.7783
149,NGC_1901,79.288369,-68.440914,279.051038,-33.7,399.6,8.008,231,6.125,0.87822,2.423,8.451,0.124,1.7031,12.701,2.3666
150,COIN-Gaia_9,47.714294,48.029669,145.670339,-8.591,846.7,9.6387,193,12.936,0.87528,2.4068,8.175,0.926,-2.0355,-3.0726,1.1134
151,Theia_850,26.424314,66.867569,128.235639,4.556,590.8,8.857,121,9.017,0.87447,2.4024,7.574,1.739,-5.5765,-0.3833,1.6069
152,Theia_546,110.171896,-4.380257,220.18354,4.481,497.4,8.4835,102,7.581,0.87326,2.3957,8.466,0.095,-2.136,-3.7115,1.91
153,Theia_667,352.48576,63.992623,114.142494,2.52,750.6,9.3769,202,11.233,0.85741,2.3096,8.093,0.948,-4.8834,-4.7628,1.2492
154,UPK_639,261.039058,-46.631923,342.796974,-5.988,667.1,9.121,145,9.927,0.85254,2.2834,8.678,0.392,0.9556,-9.2411,1.4018
155,Theia_1654,106.25871,-10.381528,223.713032,-1.734,1174.6,10.3494,271,17.473,0.85228,2.282,7.401,0.93,-3.1561,0.8495,0.8002
156,Collinder_338,264.579858,-37.634403,351.800339,-3.289,627.8,8.9889,292,9.261,0.84519,2.2442,8.061,0.523,2.5509,-1.826,1.4893
157,ASCC_128,350.161423,54.573361,109.934659,-5.991,636.6,9.0192,203,9.301,0.83708,2.2013,8.044,0.325,1.1846,0.1135,1.5031
158,UPK_567,160.950978,-67.519797,291.166774,-7.612,616.0,8.948,138,8.989,0.83601,2.1957,8.614,0.431,-6.4026,0.1974,1.5606
159,Theia_1722,52.932953,60.132976,141.66131,3.226,1055.6,10.1175,358,14.984,0.81325,2.0777,7.164,1.59,-1.9574,-0.755,0.9051
160,Theia_96,305.286815,48.924703,85.210508,6.929,345.2,7.6905,140,4.888,0.81113,2.0669,7.338,0.147,3.0297,1.9652,2.8457
161,Theia_1170,137.638832,-54.555104,274.393965,-4.42,639.6,9.0296,126,9.029,0.80879,2.055,8.208,0.169,-10.7462,8.2887,1.4926
162,HSC_2384,159.048682,-64.212054,288.865799,-5.099,528.0,8.6132,273,7.444,0.80771,2.0496,7.753,0.593,-16.865,1.6397,1.7756
163,Gulliver_20,273.839726,11.437752,39.2056,13.13,407.6,8.0512,126,5.722,0.80433,2.0325,8.407,0.192,1.018,-6.5635,2.3642
164,Theia_2999,89.050396,11.607668,196.215302,-6.681,1523.6,10.9144,117,21.37,0.80356,2.0286,8.788,0.318,-0.8802,-2.8752,0.6052
165,Theia_553,295.569852,17.830989,54.551022,-2.682,690.4,9.1956,188,9.681,0.80334,2.0274,7.954,1.0,0.7528,-6.7808,1.3914
166,Theia_980,188.222665,-65.193558,300.986586,-2.392,731.1,9.3199,126,10.187,0.79825,2.0018,8.012,1.118,-6.4352,-2.6809,1.3025
167,OCSN_27,321.607207,47.632545,91.199235,-2.205,409.8,8.0629,173,5.637,0.78812,1.9514,7.173,0.146,3.2572,-2.5057,2.4072
168,NGC_2451B,116.176122,-37.942074,252.317566,-6.817,360.5,7.7848,615,4.953,0.78711,1.9463,7.44,0.181,-9.4003,4.7444,2.6758
169,UBC_1455,131.001746,-54.129471,271.55461,-7.096,1348.1,10.6487,250,18.47,0.78495,1.9357,8.868,0.332,-3.5353,6.6362,0.7028
170,OCSN_77,112.661155,-12.539681,228.556134,2.803,515.4,8.5607,236,6.921,0.76937,1.8596,8.119,0.128,-5.7672,-1.0222,1.8248
171,Pismis_4,128.768955,-44.403668,262.903738,-2.363,660.9,9.1007,435,8.864,0.76835,1.8547,8.066,0.131,-8.2239,5.4039,1.4385
172,OC_0470,117.375015,-46.368271,260.197465,-10.14,383.5,7.9187,415,5.141,0.76815,1.8537,6.846,0.264,-4.684,8.9746,2.54
173,Melotte_186,270.317737,3.192636,30.036321,12.61,527.2,8.6098,339,7.027,0.76371,1.8323,7.155,0.409,0.6057,-8.8183,1.8123
174,RSG_8,345.45296,59.508795,109.424767,-0.457,474.6,8.3816,151,6.268,0.75671,1.7989,7.133,0.42,5.6637,-1.7157,2.057
175,HSC_734,327.731239,45.479075,92.916169,-6.613,1229.1,10.448,296,16.211,0.75563,1.7938,8.389,0.53,2.1783,-0.0582,0.7782
176,Theia_274,128.577748,-39.522418,258.906067,0.443,726.7,9.3069,448,9.518,0.75032,1.7687,8.097,0.206,-8.0556,5.6868,1.3007
177,Theia_986,125.647222,-42.44556,259.987203,-3.059,734.3,9.3293,139,9.289,0.72482,1.6505,7.897,0.17,-7.9819,8.6667,1.2947
178,RSG_5,303.908703,45.738017,82.021208,5.938,332.7,7.6104,170,4.202,0.72352,1.6445,7.359,0.089,3.6451,1.5969,2.9665
179,IC_2391,130.260151,-53.041699,270.415337,-6.783,148.2,5.8544,376,1.842,0.71196,1.5924,7.437,0.091,-24.797,23.2672,6.6216
180,CWNU_388,307.104823,54.412096,90.426339,9.098,1044.5,10.0945,106,12.733,0.69847,1.5326,8.343,0.51,-1.746,-6.657,0.9198
181,Theia_2118,101.738812,7.387411,205.844576,2.371,1380.2,10.6998,138,16.712,0.6937,1.5118,8.197,1.083,-1.6435,0.1857,0.6788
182,NGC_6475,268.476055,-34.82833,355.835938,-4.528,268.9,7.148,1427,3.254,0.69339,1.5105,8.232,0.208,3.08,-5.3659,3.583
183,Gaia_8,282.54314,33.392824,63.224135,14.78,288.1,7.2978,150,3.48,0.69208,1.5047,7.324,0.181,1.7426,-3.9554,3.4365
184,UPK_599,206.089197,-38.769797,314.104859,22.95,650.8,9.0674,150,7.859,0.69181,1.5036,7.117,0.189,-10.0217,0.284,1.4626
185,CWNU_338,124.442724,-39.328587,256.898265,-2.049,590.4,8.8558,132,7.125,0.69144,1.502,7.015,0.317,-5.3855,5.3523,1.6104
186,Gulliver_22,84.824191,26.34502,181.466443,-2.555,717.7,9.2796,189,8.651,0.6906,1.4983,7.065,0.754,-1.6398,-4.74,1.331
187,Stock_2,33.850043,59.577009,133.386819,-1.58,357.6,7.7667,3011,4.302,0.68933,1.4928,8.463,0.9,15.8289,-13.713,2.6747
188,HSC_1097,30.169218,48.026325,134.728319,-13.25,1825.2,11.3066,208,21.896,0.6873,1.484,9.468,0.127,3.3699,-1.4302,0.5097
189,Herschel_1,116.707841,0.077203,219.275645,12.34,289.6,7.3087,222,3.459,0.68443,1.4717,8.248,0.05,0.6692,-3.9704,3.3694
190,Theia_2000,114.132388,-25.355984,240.449061,-2.181,1265.0,10.5105,145,14.996,0.67916,1.4491,7.33,0.383,-4.903,4.8879,0.7398
191,Alessi_19,274.534143,11.897347,39.931505,12.72,566.0,8.7641,164,6.696,0.67776,1.4431,7.563,0.342,-1.0095,-7.0745,1.7089
192,Collinder_135,109.405539,-36.920877,248.890622,-11.12,293.4,7.3376,209,3.47,0.67741,1.4416,7.475,0.107,-10.0779,6.2302,3.3309
193,ASCC_101,288.344683,36.359903,68.000638,11.64,384.9,7.9267,224,4.55,0.67733,1.4413,8.276,0.099,0.9675,1.2814,2.5098
194,Ruprecht_98,179.711423,-64.612834,297.330787,-2.315,451.1,8.2712,177,5.319,0.67563,1.4341,8.387,0.555,-4.3039,-8.4756,2.0776
195,Ruprecht_147,289.140782,-16.268852,21.011591,-12.78,290.1,7.3125,279,3.408,0.67305,1.4231,8.949,0.313,-0.9493,-26.6723,3.2752
196,UPK_136,322.609444,43.416974,88.787789,-5.738,620.5,8.9638,105,7.287,0.67279,1.422,8.133,0.204,-0.001,-0.6663,1.5636
197,UPK_168,344.037596,43.246408,101.633763,-14.81,574.6,8.7969,297,6.718,0.66985,1.4096,7.451,0.561,-0.5748,-4.0562,1.6704
198,UPK_644,249.133978,-31.337678,349.221288,10.66,705.5,9.2426,129,8.219,0.6674,1.3993,8.514,0.409,-3.9196,-3.3457,1.3437
199,UPK_41,279.462,0.460689,31.791801,3.234,457.3,8.3008,276,5.308,0.66506,1.3895,6.81,3.028,2.6565,-8.2687,2.0925
200,Theia_387,79.15304,37.199142,169.76442,-0.5349,507.7,8.5279,119,5.883,0.66388,1.3846,8.042,0.494,-0.4737,-9.146,1.8478
201,Alessi_12,310.870816,23.538468,67.214073,-11.6,522.4,8.5899,425,6.052,0.66375,1.3841,8.086,0.137,4.2774,-4.7017,1.8431
202,ASCC_20,82.193554,1.721304,201.590217,-17.47,356.9,7.763,194,4.119,0.66113,1.3731,7.098,0.108,-0.5691,0.759,2.7302
203,CWNU_405,51.184902,40.764316,151.797183,-13.36,1132.0,10.2691,140,13.02,0.659,1.3644,7.864,0.545,-0.5153,-3.9852,0.8399
204,UPK_51,314.096527,-6.71763,41.684237,-30.78,560.6,8.7432,138,6.421,0.65626,1.353,8.012,0.12,5.1408,1.9767,1.7219
205,Gulliver_28,293.654245,18.163899,53.948321,-0.9302,614.0,8.9407,105,6.967,0.65009,1.3277,7.821,2.132,-4.419,-3.4715,1.5418
206,HSC_2919,246.601654,-24.084846,353.31404,17.12,134.3,5.6403,175,1.52,0.64853,1.3213,7.434,3.219,-6.9322,-26.0184,7.2153
207,Stock_10,84.741597,37.808367,171.720881,3.49,341.8,7.6689,320,3.768,0.63153,1.253,8.129,0.286,-3.1503,-0.4284,2.7944
208,UPK_467,121.289697,-11.324744,231.701012,10.74,561.3,8.7459,179,6.159,0.62873,1.2419,8.117,0.101,-6.9321,-1.566,1.6902
209,HSC_1262,57.64357,35.074871,159.531126,-14.77,374.9,7.8693,143,4.113,0.62867,1.2416,6.704,0.439,3.3748,-4.3794,2.5633
210,Theia_3581,112.257946,-14.159741,229.792223,1.683,1064.7,10.1362,135,11.661,0.62746,1.2369,7.782,0.469,-3.3614,1.0649,0.8946
211,UPK_21,282.920318,-15.174112,19.388062,-6.908,563.6,8.755,103,6.08,0.61801,1.1999,8.669,1.429,7.7968,0.6942,1.6785
212,CWNU_144,332.29413,50.896795,98.648504,-4.162,1229.5,10.4487,107,13.215,0.61578,1.1912,8.246,0.596,1.9841,-0.4369,0.7731
213,Casado-Alessi_1,13.354523,49.548113,123.261996,-13.32,664.9,9.1138,159,7.132,0.6145,1.1863,8.874,0.206,6.4703,-6.4022,1.4102
214,Trumpler_10,131.936731,-42.533801,262.838072,0.5994,421.0,8.1216,1425,4.456,0.60636,1.1551,7.565,0.084,-12.3798,6.5707,2.2954
215,Theia_836,289.303301,18.419745,52.210983,2.827,534.6,8.6402,110,5.611,0.60135,1.1361,8.017,1.344,0.4686,-8.3216,1.8071
216,Theia_3127,144.752597,-54.070705,277.026249,-1.175,1513.4,10.8998,172,15.872,0.60088,1.1343,8.477,0.496,-8.2357,5.7619,0.6228
217,ASCC_113,317.962596,38.545305,82.824506,-6.669,538.1,8.6544,491,5.605,0.59676,1.1188,8.265,0.108,0.8278,-3.6864,1.771
218,Teutsch_38,131.744831,-37.853761,259.097299,3.419,634.0,9.0105,182,6.601,0.59655,1.118,7.299,0.182,-8.4794,3.6575,1.4955
219,HSC_2824,255.206161,-46.682177,340.405219,-2.773,1149.2,10.3019,157,11.873,0.59193,1.1007,7.356,3.173,1.3997,-3.854,0.8231
220,Collinder_350,267.064963,1.417618,26.875818,14.68,351.0,7.7262,283,3.623,0.59138,1.0987,8.393,1.213,-4.8691,-0.0662,2.6855
221,CWNU_182,135.848619,-43.869642,265.701374,1.91,899.6,9.7704,102,9.255,0.58941,1.0914,8.024,1.434,-8.9738,5.7187,1.0635
222,UPK_104,307.67519,31.922836,72.342312,-4.354,804.9,9.5287,104,8.218,0.58498,1.075,8.157,0.363,3.7674,1.5783,1.1773
223,Theia_1082,193.651707,-58.959889,303.341372,3.909,803.9,9.5261,110,8.189,0.58361,1.07,8.2,0.36,-9.8829,-3.3995,1.1787
224,Alessi_36,106.565126,-37.595939,248.544082,-13.45,278.2,7.2218,198,2.824,0.58153,1.0624,7.461,0.143,-9.6693,7.0461,3.5982
225,Blanco_1,0.914984,-30.010616,14.75758,-79.13,236.6,6.8703,841,2.391,0.57886,1.0527,8.239,0.057,18.7245,2.5926,4.2318
226,CWNU_1138,206.911889,-59.633036,309.989276,2.466,475.9,8.3875,104,4.792,0.57697,1.0458,7.916,0.472,-13.8661,-6.1562,2.0118
227,UBC_17a,84.775775,-1.932441,206.241355,-16.95,348.8,7.7131,102,3.506,0.57592,1.042,6.665,0.236,1.8006,-1.2985,2.7709
228,CWNU_275,266.370119,-40.815694,349.807379,-6.135,1153.5,10.31,140,11.508,0.57161,1.0265,7.566,0.689,2.6743,-2.2198,0.8178
229,NGC_225,10.980729,61.79331,122.043898,-1.065,658.5,9.0928,246,6.566,0.57128,1.0253,7.97,0.765,-5.361,-0.2427,1.4368
230,Collinder_140,110.802402,-32.01159,244.953262,-7.899,373.5,7.8616,203,3.724,0.57123,1.0251,7.237,0.095,-8.0882,4.7565,2.5906
231,Chamaleon_I,167.116999,-77.499459,297.326163,-15.76,191.4,6.41,192,1.897,0.56769,1.0124,6.753,2.158,-22.5554,0.4376,5.261
232,ASCC_51,140.396727,-69.855294,286.587737,-13.97,529.4,8.619,172,5.207,0.56351,0.9976,8.1,0.073,-7.613,7.9636,1.8183
233,Stock_1,293.984536,25.188323,60.237378,2.216,384.3,7.9232,290,3.771,0.56224,0.9931,8.412,0.338,6.0606,0.2184,2.4591
234,NGC_1662,72.113998,10.90376,187.724788,-21.13,389.0,7.9499,384,3.773,0.55563,0.9699,8.538,0.928,-1.1538,-1.9664,2.4386
235,UPK_166,339.202543,47.007967,100.374349,-9.882,640.7,9.0334,385,6.14,0.54904,0.947,7.213,0.183,-0.9373,-3.3023,1.5214
236,Theia_6166,329.28439,50.178717,96.681376,-3.594,1717.5,11.1745,147,16.296,0.54361,0.9284,8.532,0.533,-1.4663,-1.3438,0.5506
237,Gulliver_9,127.203874,-47.924907,265.113815,-5.314,485.6,8.4316,444,4.567,0.53885,0.9122,7.006,0.208,-5.9314,6.9349,2.0001
238,Teutsch_35,294.084209,35.708285,69.532603,7.208,476.2,8.3887,337,4.476,0.53861,0.9114,8.1,0.138,-0.6296,-2.4773,2.0001
239,Theia_283,108.94287,-18.579694,232.194104,-3.204,987.7,9.973,116,9.233,0.53561,0.9012,8.269,0.206,-3.3676,3.9933,0.9484
240,Theia_2267,111.033485,-26.461977,240.091484,-5.158,1170.8,10.3424,341,10.934,0.53509,0.8995,7.635,0.147,-4.2283,3.917,0.8068
241,UPK_82,298.463626,26.201951,63.134515,-0.7715,525.4,8.6024,142,4.866,0.53068,0.8847,7.892,0.177,2.2782,-2.1691,1.8219
242,NGC_2232,96.977545,-4.771701,214.519122,-7.401,316.2,7.4997,286,2.914,0.52805,0.876,7.123,0.135,-4.7168,-1.7699,3.1196
243,OCSN_61,84.083651,-0.402166,204.489898,-16.84,372.5,7.8555,147,3.429,0.52739,0.8738,7.069,0.19,-1.0447,-0.6303,2.5903
244,OC_0589,196.224849,-61.707047,304.526639,1.123,1826.2,11.3078,126,16.783,0.52653,0.871,7.324,2.034,-4.9466,-1.5726,0.5197
245,HSC_2097,119.266412,-46.951872,261.361468,-9.301,1512.6,10.8986,121,13.814,0.52323,0.8601,7.936,0.404,-3.7421,4.9316,0.631
246,Theia_420,318.86344,43.781656,87.114802,-3.567,862.4,9.6785,151,7.854,0.52178,0.8553,7.63,0.939,-2.9941,-3.8836,1.102
247,Stock_12,353.870064,52.623489,111.409868,-8.541,417.1,8.1013,273,3.797,0.52162,0.8548,8.095,0.212,8.5707,-1.9174,2.2874
248,IC_4665,266.532445,5.634743,30.522701,17.08,336.3,7.6337,308,3.059,0.52121,0.8535,7.515,0.559,-0.8809,-8.5324,2.8669
249,ASCC_58,153.705592,-55.020312,281.70493,1.263,466.5,8.3444,236,4.237,0.52037,0.8507,7.756,0.128,-13.302,2.7601,2.0963
250,Stock_23,49.183968,60.071444,140.134211,2.145,580.9,8.8205,106,5.24,0.51686,0.8393,7.856,0.691,-4.3239,-0.9933,1.6273
251,LP_2383,95.380103,-16.096699,224.195891,-13.75,363.9,7.8047,422,3.217,0.50658,0.8062,7.578,0.152,-5.3698,5.0486,2.6921
252,Alessi_21,107.591812,-9.318304,223.373273,-0.07887,548.4,8.6955,279,4.804,0.50187,0.7913,7.9,0.154,-5.5007,2.6534,1.7444
253,FSR_1197,103.59061,-13.747576,225.5346,-5.585,810.3,9.5433,140,7.091,0.50141,0.7898,8.164,0.141,-3.0461,-0.7091,1.1508
254,COIN-Gaia_8,39.164956,50.010076,139.710535,-9.402,691.3,9.1982,193,5.995,0.49691,0.7757,8.246,0.388,2.3655,-2.527,1.3789
255,UPK_56,289.34702,17.649286,51.54756,2.432,738.7,9.3425,113,6.394,0.49591,0.7726,7.799,1.692,-0.1251,-6.7315,1.2655
256,Theia_5431,128.430534,-34.572265,254.859311,3.3,1643.2,11.0784,126,14.218,0.49574,0.7721,8.451,0.477,-4.5482,3.2815,0.5689
257,Stephenson_1,283.578345,36.880664,66.893228,15.35,350.8,7.7255,322,3.022,0.49349,0.7651,7.425,0.174,1.1209,-3.0178,2.7979
258,ASCC_105,295.471602,27.386094,62.808335,2.132,535.3,8.643,173,4.604,0.4928,0.7629,7.97,0.296,1.3698,-1.618,1.7759
259,Teutsch_179,276.624401,26.408094,54.474163,16.82,336.8,7.637,112,2.867,0.48762,0.747,7.489,0.206,0.5374,-5.3401,2.897
260,NGC_6633,276.805479,6.5592,36.054116,8.357,371.0,7.8471,515,3.143,0.48537,0.7401,8.674,0.387,1.2041,-1.8037,2.5404
261,Theia_4165,328.585919,46.965351,94.319731,-5.83,1430.8,10.7779,126,12.11,0.48492,0.7387,8.783,0.449,1.2446,-2.3683,0.6696
262,Theia_1740,49.312237,60.525986,139.947811,2.565,1002.2,10.0047,139,8.464,0.48389,0.7356,7.54,1.863,0.3116,0.6192,0.9371
263,Theia_1742,133.114746,-47.933053,267.540645,-2.181,1595.4,11.0143,232,13.466,0.48359,0.7347,8.099,1.319,-6.8271,5.1537,0.5945
264,OC_0684,256.772703,-35.804069,349.762893,2.903,1045.7,10.097,382,8.8,0.48216,0.7303,6.754,1.683,1.2528,-2.272,0.8971
265,OC_0367,89.451015,-14.114306,219.851216,-18.14,638.1,9.0244,135,5.364,0.48163,0.7287,6.82,0.472,-1.8675,1.5201,1.4884
266,Teutsch_312,315.436871,29.651452,74.68394,-11.0,834.3,9.6066,116,6.942,0.47675,0.714,7.46,0.188,0.9937,-4.7446,1.1574
267,Theia_12,282.101656,-2.381873,30.466627,-0.4119,609.6,8.9254,142,5.06,0.47556,0.7105,6.725,3.191,0.1387,-6.1785,1.5688
268,ASCC_21,82.21204,3.606585,199.88285,-16.53,332.9,7.6117,116,2.747,0.47268,0.7019,6.839,0.138,1.5324,-0.5763,2.9024
269,Alessi-Teutsch_12,255.411455,-59.007641,330.610798,-10.35,577.2,8.8068,104,4.761,0.47252,0.7015,8.021,0.203,-2.3127,-8.9852,1.6436
270,BH_164,222.323853,-66.392493,314.359669,-6.172,408.2,8.0544,819,3.319,0.46579,0.6816,7.268,0.203,-7.4367,-10.6961,2.3749
271,Alessi_2,71.557048,55.184071,152.327184,6.336,586.4,8.8409,249,4.725,0.46166,0.6696,8.421,0.572,-0.9279,-1.0945,1.6178
272,COIN-Gaia_11,68.14971,39.533245,162.518355,-5.774,624.3,8.9768,226,5.03,0.46168,0.6696,8.53,1.768,3.4367,-5.7478,1.5173
273,NGC_2516,119.521499,-60.792905,273.853358,-15.87,393.4,7.974,3784,3.167,0.46122,0.6683,8.098,0.205,-4.6336,11.2257,2.4272
274,Alessi_116,310.244371,20.069651,63.996627,-13.18,875.9,9.7123,198,7.018,0.45907,0.6621,9.039,0.133,-6.2674,-9.2316,1.0667
275,OC_0588,195.997798,-60.096008,304.497728,2.738,628.2,8.9903,409,4.991,0.45521,0.651,8.366,0.639,-12.0706,-3.8541,1.497
276,Theia_759,112.324561,-18.859546,233.949946,-0.5098,694.7,9.2091,149,5.512,0.45457,0.6492,8.387,0.161,-5.2884,0.2726,1.3534
277,Roslund_5,302.617466,33.740655,71.431841,0.1769,522.8,8.5916,360,4.086,0.44782,0.63,8.042,0.245,2.0522,-1.2363,1.8418
278,Theia_743,173.480256,-60.656705,293.572873,0.7987,615.3,8.9453,105,4.809,0.44782,0.63,8.501,0.133,-14.4443,2.6491,1.5234
279,IC_4756,279.627468,5.437089,36.313937,5.345,445.7,8.2451,718,3.463,0.44523,0.6228,8.923,0.36,1.2843,-4.9682,2.1075
280,Alessi_10,301.232293,-10.528747,31.622904,-21.05,424.7,8.1404,194,3.291,0.44399,0.6193,8.027,0.338,1.4536,-7.9018,2.2186
281,Roslund_7,313.212849,37.920237,79.882184,-4.276,1216.5,10.4256,266,9.352,0.44044,0.6094,8.243,0.94,1.7067,-0.4056,0.7756
282,UPK_445,92.353724,-15.039355,221.946481,-15.96,661.3,9.102,123,5.014,0.4344,0.5928,6.866,0.617,-2.5381,1.4354,1.4764
283,CWNU_1083,126.135502,-41.018274,259.024771,-1.943,338.3,7.6462,100,2.559,0.43346,0.5903,6.885,0.57,-7.1375,10.1091,2.93
284,CWNU_136,311.219095,56.900369,93.844762,8.692,876.6,9.7141,107,6.61,0.43203,0.5864,6.967,1.399,-2.3581,-4.9699,1.0905
285,UPK_436,100.328053,-7.998486,218.927071,-5.876,802.6,9.5226,127,6.04,0.43117,0.584,7.164,0.207,-4.1307,0.6493,1.1829
286,Theia_1798,85.498286,30.226428,178.487906,0.005105,1711.3,11.1666,119,12.815,0.42904,0.5783,7.731,2.082,0.4376,-2.4494,0.5346
287,HSC_478,298.537712,21.017861,58.719498,-3.495,1115.4,10.2371,105,8.348,0.4288,0.5776,7.505,0.873,-0.4989,-4.5187,0.847
288,NGC_752,29.160066,37.792718,136.90704,-23.3,406.3,8.044,442,3.014,0.42513,0.5678,9.152,0.066,9.7718,-11.824,2.2693
289,Theia_1797,99.071159,9.832588,202.462907,1.142,1074.3,10.1556,134,7.945,0.42375,0.5641,7.443,1.137,-1.5823,-0.93,0.8658
290,UBC_159,338.997116,39.635328,96.396183,-16.16,480.4,8.4081,232,3.548,0.42309,0.5624,6.682,0.425,-2.0178,-4.676,2.0184
291,Pozzo_1,122.374635,-47.353671,262.814057,-7.7,346.2,7.6963,365,2.551,0.42223,0.5601,6.971,0.355,-6.3639,9.4367,2.8467
292,Alessi_24,260.978436,-62.817558,328.927502,-14.72,466.4,8.3437,371,3.412,0.41914,0.5519,7.999,0.159,-0.43,-8.9625,2.0421
293,UPK_12,288.872565,-22.077794,15.450056,-14.94,626.2,8.9836,109,4.577,0.41879,0.551,8.279,0.247,0.6037,-6.6941,1.5002
294,Theia_5320,126.595901,-33.743229,253.295375,2.557,1295.8,10.5628,115,9.47,0.41869,0.5507,7.623,0.356,-4.8326,4.3448,0.7325
295,UPK_66,305.282705,13.343439,55.544741,-13.01,645.8,9.0504,105,4.717,0.41848,0.5502,8.372,0.154,0.4281,-10.0527,1.4725
296,NGC_3532,166.393539,-58.693786,289.538159,1.398,452.8,8.2797,3414,3.307,0.41836,0.5498,8.376,0.12,-10.4024,5.2286,2.0875
297,Alessi_40,279.270709,-19.168229,14.226874,-5.572,541.6,8.6686,290,3.948,0.41757,0.5478,8.089,1.222,-2.4179,-6.4192,1.7372
298,UPK_39,277.477719,1.07627,31.433251,5.28,421.6,8.1244,190,3.071,0.41741,0.5474,6.614,2.315,3.2706,-8.6675,2.2505
299,Renou_23,84.526135,57.108419,154.92384,13.35,457.4,8.3017,335,3.321,0.41592,0.5435,8.296,1.077,-3.2554,-3.9894,2.0699
300,UPK_53,288.529444,14.269089,48.187111,1.557,559.7,8.7396,209,4.049,0.41451,0.5398,8.274,1.31,2.4647,1.0322,1.6776
301,Theia_123,43.368949,68.840176,133.611217,8.538,418.3,8.1073,204,2.99,0.40951,0.5268,8.097,1.205,1.4626,-7.9106,2.2831
302,Collinder_394,283.058224,-20.271908,14.816889,-9.258,676.2,9.1503,977,4.811,0.40766,0.5221,7.924,0.621,-1.4534,-5.8742,1.3356
303,UPK_17,279.71573,-15.041793,18.112594,-4.083,644.1,9.0448,144,4.57,0.40653,0.5192,8.4,1.682,0.9602,-7.891,1.4806
304,Alessi-Teutsch_3,118.285514,-53.000783,266.424348,-12.81,667.1,9.1209,138,4.676,0.40166,0.5068,8.013,0.511,-5.3377,8.9453,1.4208
305,OC_0343,97.631647,4.357298,206.664928,-2.649,632.3,9.0046,104,4.415,0.40003,0.5027,7.488,0.148,-1.7586,-4.7142,1.5237
306,Alessi_20,2.6435,58.756513,117.642685,-3.695,410.7,8.0679,252,2.864,0.39945,0.5013,6.826,0.647,8.1167,-2.4272,2.3431
